[{"model": "making_pizza.type", "pk": 1, "fields": {"name": "Margherita", "cost": "14.99", "notes": "A classic Neapolitan pizza topped with tomato sauce, fresh mozzarella cheese, basil leaves, and a drizzle of olive oil. It’s simple yet flavorful.", "image": "https://cdn.apartmenttherapy.info/image/upload/f_jpg,q_auto:eco,c_fill,g_auto,w_1500,ar_16:9/k%2Farchive%2Fb36036a54e1cf9c084f4b702a63e5a08f1e98983", "blur_hash": "eGK,+=?GRR?G-W~VRPrro}R6MyNG-;NHX9.7xuIBbHt6J8kCxaxus;"}}, {"model": "making_pizza.type", "pk": 2, "fields": {"name": "Pepperoni", "cost": "12.99", "notes": "One of the most popular pizza varieties, featuring tomato sauce, mozzarella cheese, and slices of spicy pepperoni sausage.", "image": "https://www.moulinex-me.com/medias/?context=bWFzdGVyfHJvb3R8MTQzNTExfGltYWdlL2pwZWd8aGNlL2hmZC8xNTk2ODYyNTc4NjkxMC5qcGd8MmYwYzQ4YTg0MTgzNmVjYTZkMWZkZWZmMDdlMWFlMjRhOGIxMTQ2MTZkNDk4ZDU3ZjlkNDk2MzMzNDA5", "blur_hash": "eLJsapFfEhS#EM}?NHNIoeR*0fR*I;jFxE-TR+R-$%xat7$*R-jFoL"}}, {"model": "making_pizza.type", "pk": 3, "fields": {"name": "Neapolitan", "cost": "10.99", "notes": "Originating from Naples, Italy, this pizza has a thin, soft crust topped with fresh tomato sauce, mozzarella cheese, fresh basil, and olive oil. It’s cooked in a wood-fired oven for a distinctive flavor.", "image": "https://www.thepizzashop.ca/wp-content/uploads/2021/10/pizza-napolitaine.jpg", "blur_hash": "eJI|zFtn6Ttlo}~pR.xaoMIV16WB$}wcR5-oRkMyS2NGOEoKn4S1oL"}}, {"model": "making_pizza.type", "pk": 4, "fields": {"name": "Hawaiian", "cost": "13.99", "notes": "Controversial but beloved by many, Hawaiian pizza features tomato sauce, mozzarella cheese, ham or Canadian bacon, and pineapple chunks. It offers a sweet and savory flavor combination.", "image": "https://recipes.net/wp-content/uploads/2020/03/dominos-copycat-hawaiian-pizza-recipe.jpg", "blur_hash": "eJM=,*tm7%owTK~W%$t8xuMx5tWA%LIUnNt7WARjs*n#NeRPnOIUM{"}}, {"model": "making_pizza.topping", "pk": 1, "fields": {"name": "Olives", "cost": "3.99", "notes": "Black or green olives, adding briny flavor."}}, {"model": "making_pizza.topping", "pk": 2, "fields": {"name": "Extra chees", "cost": "4.99", "notes": "Typically mozzarella or a blend of cheeses, adding richness and creaminess."}}, {"model": "making_pizza.topping", "pk": 3, "fields": {"name": "Bacon", "cost": "4.99", "notes": "Crispy bacon pieces or strips, adding smoky flavor."}}, {"model": "making_pizza.topping", "pk": 4, "fields": {"name": "Jalapeno", "cost": "2.99", "notes": "Sliced jalapeño peppers, adding heat and spice."}}, {"model": "making_pizza.topping", "pk": 5, "fields": {"name": "Onions", "cost": "2.99", "notes": "Sliced or diced onions, adding sweet and savory flavor."}}, {"model": "making_pizza.crust", "pk": 1, "fields": {"name": "Neapolitan crust", "cost": "2.99", "notes": "This traditional Italian crust is thin, soft, and slightly chewy, with a slightly charred exterior from being cooked in a wood-fired oven."}}, {"model": "making_pizza.crust", "pk": 2, "fields": {"name": "Deep dish crust", "cost": "4.99", "notes": "Originating from Chicago, this crust is thick and has a deep, bread-like texture. It’s baked in a deep, round pan and often filled with layers of cheese, toppings, and sauce."}}, {"model": "making_pizza.crust", "pk": 3, "fields": {"name": "Stuffed crust", "cost": "4.99", "notes": "In this crust variation, cheese or other fillings are stuffed into the outer edge of the pizza dough before baking. It adds a cheesy surprise to each bite and is popular among cheese lovers."}}, {"model": "making_pizza.crust", "pk": 4, "fields": {"name": "New York-style crust", "cost": "3.99", "notes": "This crust is thicker and chewier than Neapolitan crust, with a crisp outer edge and a softer interior. It’s typically hand-tossed and can support a variety of toppings."}}, {"model": "making_pizza.size", "pk": 1, "fields": {"name": "8 inch", "ratio": "1.00"}}, {"model": "making_pizza.size", "pk": 2, "fields": {"name": "12 inch", "ratio": "1.20"}}, {"model": "making_pizza.size", "pk": 3, "fields": {"name": "16 inch", "ratio": "1.60"}}, {"model": "making_pizza.pizza", "pk": 15, "fields": {"owner": 2, "type": 2, "crust": 4, "size": 3, "price": "59.09", "notes": "Hi", "quantity": 1, "date_added": "2024-03-10T20:26:04.342Z", "extra_topping": [1, 2, 3, 4, 5]}}, {"model": "making_pizza.pizza", "pk": 16, "fields": {"owner": 2, "type": 3, "crust": 3, "size": 3, "price": "39.94", "notes": "please make it well", "quantity": 1, "date_added": "2024-03-11T16:54:24.911Z", "extra_topping": [1, 3]}}, {"model": "making_pizza.pizza", "pk": 17, "fields": {"owner": 2, "type": 2, "crust": 4, "size": 3, "price": "59.09", "notes": "Hi", "quantity": 1, "date_added": "2024-03-12T19:25:13.061Z", "extra_topping": [1, 2, 3, 4, 5]}}, {"model": "making_pizza.pizza", "pk": 18, "fields": {"owner": 2, "type": 2, "crust": 4, "size": 3, "price": "0.00", "notes": "Test put from api", "quantity": 1, "date_added": "2024-03-12T19:27:17.898Z", "extra_topping": [1, 2, 3, 4, 5]}}, {"model": "making_pizza.pizza", "pk": 19, "fields": {"owner": 2, "type": 2, "crust": 4, "size": 3, "price": "19.95", "notes": "Test put from api #2", "quantity": 1, "date_added": "2024-03-12T19:42:09.779Z", "extra_topping": [1, 2, 3, 4, 5]}}, {"model": "making_pizza.pizza", "pk": 20, "fields": {"owner": 2, "type": 2, "crust": 4, "size": 3, "price": "3.99", "notes": "Test put from api #2", "quantity": 1, "date_added": "2024-03-12T20:25:43.367Z", "extra_topping": [1]}}, {"model": "making_pizza.pizza", "pk": 21, "fields": {"owner": 2, "type": 2, "crust": 4, "size": 3, "price": "8.98", "notes": "Test put from api #4", "quantity": 1, "date_added": "2024-03-12T20:33:49.735Z", "extra_topping": [1, 2]}}, {"model": "making_pizza.pizza", "pk": 22, "fields": {"owner": 2, "type": 2, "crust": 4, "size": 3, "price": "25.96", "notes": "Test put from api #4", "quantity": 1, "date_added": "2024-03-12T20:36:02.519Z", "extra_topping": [1, 2]}}, {"model": "making_pizza.pizza", "pk": 23, "fields": {"owner": 2, "type": 2, "crust": 4, "size": 3, "price": "59.09", "notes": "Test put from api #5", "quantity": 1, "date_added": "2024-03-12T20:43:10.188Z", "extra_topping": [1, 2, 3, 4, 5]}}, {"model": "making_pizza.pizza", "pk": 24, "fields": {"owner": 2, "type": 2, "crust": 4, "size": 3, "price": "35.15", "notes": "Test put from api #6", "quantity": 1, "date_added": "2024-03-12T20:46:39.225Z", "extra_topping": [3]}}, {"model": "making_pizza.pizza", "pk": 25, "fields": {"owner": 3, "type": 4, "crust": 2, "size": 3, "price": "43.14", "notes": "My first order", "quantity": 1, "date_added": "2024-03-13T10:48:46.402Z", "extra_topping": [2, 4]}}, {"model": "making_pizza.pizza", "pk": 26, "fields": {"owner": 3, "type": 2, "crust": 3, "size": 2, "price": "28.75", "notes": "testing user", "quantity": 1, "date_added": "2024-03-13T14:09:11.586Z", "extra_topping": [4, 5]}}, {"model": "making_pizza.pizza", "pk": 29, "fields": {"owner": 3, "type": 3, "crust": 1, "size": 3, "price": "44.72", "notes": "Ordering this pizza with Aref", "quantity": 1, "date_added": "2024-03-13T17:37:08.074Z", "extra_topping": [1, 2, 3]}}, {"model": "making_pizza.pizza", "pk": 30, "fields": {"owner": 3, "type": 3, "crust": 1, "size": 3, "price": "36.74", "notes": "Ordering this pizza with Aref", "quantity": 1, "date_added": "2024-03-13T17:45:16.853Z", "extra_topping": [1, 2]}}, {"model": "making_pizza.pizza", "pk": 31, "fields": {"owner": 3, "type": 2, "crust": 2, "size": 2, "price": "0.00", "notes": "Creating pizza from postman", "quantity": 3, "date_added": "2024-03-14T11:22:42.974Z", "extra_topping": [1, 3, 5]}}, {"model": "making_pizza.pizza", "pk": 32, "fields": {"owner": 3, "type": 2, "crust": 2, "size": 2, "price": "0.00", "notes": "Creating pizza from postman 2", "quantity": 3, "date_added": "2024-03-14T11:23:43.488Z", "extra_topping": [1, 3, 5]}}, {"model": "making_pizza.pizza", "pk": 33, "fields": {"owner": 3, "type": 2, "crust": 2, "size": 2, "price": "35.94", "notes": "Creating pizza from postman 3", "quantity": 3, "date_added": "2024-03-14T11:24:42.364Z", "extra_topping": [1, 3, 5]}}, {"model": "authtoken.token", "pk": "0ac9f77665e8c8395cd1591de1fe371c41cc2d9a", "fields": {"user": 21, "created": "2024-03-14T16:58:38.008Z"}}, {"model": "authtoken.token", "pk": "168720cc872c4834b64c062884433ef7214adf9a", "fields": {"user": 15, "created": "2024-03-14T15:59:38.374Z"}}, {"model": "authtoken.token", "pk": "1c0cd679432354b50bc040fbd1ad61937a10f2eb", "fields": {"user": 16, "created": "2024-03-14T16:00:56.654Z"}}, {"model": "authtoken.token", "pk": "257c0cad05e4593c48eb7f152da3b4e3ab4f10b5", "fields": {"user": 23, "created": "2024-03-14T17:00:49.811Z"}}, {"model": "authtoken.token", "pk": "2bd6c285250ad5a544b025299945092200edeb44", "fields": {"user": 13, "created": "2024-03-14T15:58:18.347Z"}}, {"model": "authtoken.token", "pk": "2e75b0b091a3dc9e6d6d0a6d2f86364d2a7731a3", "fields": {"user": 8, "created": "2024-03-14T15:44:26.426Z"}}, {"model": "authtoken.token", "pk": "3387ab27ae87f34ce950f64812ef2f5b95f424c2", "fields": {"user": 3, "created": "2024-03-20T14:12:59.298Z"}}, {"model": "authtoken.token", "pk": "3863ec0c1bd6de3cbaca712515d18d932fb00c9d", "fields": {"user": 12, "created": "2024-03-14T15:57:13.078Z"}}, {"model": "authtoken.token", "pk": "3fc734356ced1aa0ec5c571f4924ffad3371effa", "fields": {"user": 9, "created": "2024-03-14T15:51:00.501Z"}}, {"model": "authtoken.token", "pk": "768191e0c882135505b53cd23176de76ce8553cb", "fields": {"user": 14, "created": "2024-03-14T15:59:13.212Z"}}, {"model": "authtoken.token", "pk": "82be81a57bfeb67f0114dab4a9f12360b0c369db", "fields": {"user": 26, "created": "2024-03-20T14:09:01.436Z"}}, {"model": "authtoken.token", "pk": "87bfbc0b6b8d39820b4c49ec70ca6e4731bcf87c", "fields": {"user": 18, "created": "2024-03-14T16:56:52.986Z"}}, {"model": "authtoken.token", "pk": "895aa662f01da8b85a5f84ba4007f55b1773bb4b", "fields": {"user": 24, "created": "2024-03-15T14:17:26.845Z"}}, {"model": "authtoken.token", "pk": "8ea7ea8137d9129cc357a5c0512e3faddda13c80", "fields": {"user": 25, "created": "2024-03-20T14:04:06.428Z"}}, {"model": "authtoken.token", "pk": "91446b95f650b92a72459b534fcc99f8795f8e83", "fields": {"user": 11, "created": "2024-03-14T15:56:36.010Z"}}, {"model": "authtoken.token", "pk": "b3434350c583b0f3d4c17a4271f078eda10f97bc", "fields": {"user": 22, "created": "2024-03-14T16:59:34.373Z"}}, {"model": "authtoken.token", "pk": "ca1a0da9c7e9ba53137d776af2984ec9742b6360", "fields": {"user": 17, "created": "2024-03-14T16:41:06.712Z"}}, {"model": "authtoken.token", "pk": "d5f95527aad2deb0b7db4914885087b1bcbc67e7", "fields": {"user": 2, "created": "2024-03-16T11:06:28.149Z"}}, {"model": "authtoken.token", "pk": "db537894d83b9df4cd9cc8da819e95bf99dac79c", "fields": {"user": 20, "created": "2024-03-14T16:57:35.744Z"}}, {"model": "authtoken.token", "pk": "f8f63d47a50f7553f0262bb63c80246553710222", "fields": {"user": 19, "created": "2024-03-14T16:57:10.262Z"}}, {"model": "authtoken.token", "pk": "fa646650c831859ee6be13f9906cd8f10a9a8700", "fields": {"user": 10, "created": "2024-03-14T15:56:11.557Z"}}, {"model": "auth.permission", "pk": 1, "fields": {"name": "Can add log entry", "content_type": 1, "codename": "add_logentry"}}, {"model": "auth.permission", "pk": 2, "fields": {"name": "Can change log entry", "content_type": 1, "codename": "change_logentry"}}, {"model": "auth.permission", "pk": 3, "fields": {"name": "Can delete log entry", "content_type": 1, "codename": "delete_logentry"}}, {"model": "auth.permission", "pk": 4, "fields": {"name": "Can view log entry", "content_type": 1, "codename": "view_logentry"}}, {"model": "auth.permission", "pk": 5, "fields": {"name": "Can add permission", "content_type": 2, "codename": "add_permission"}}, {"model": "auth.permission", "pk": 6, "fields": {"name": "Can change permission", "content_type": 2, "codename": "change_permission"}}, {"model": "auth.permission", "pk": 7, "fields": {"name": "Can delete permission", "content_type": 2, "codename": "delete_permission"}}, {"model": "auth.permission", "pk": 8, "fields": {"name": "Can view permission", "content_type": 2, "codename": "view_permission"}}, {"model": "auth.permission", "pk": 9, "fields": {"name": "Can add group", "content_type": 3, "codename": "add_group"}}, {"model": "auth.permission", "pk": 10, "fields": {"name": "Can change group", "content_type": 3, "codename": "change_group"}}, {"model": "auth.permission", "pk": 11, "fields": {"name": "Can delete group", "content_type": 3, "codename": "delete_group"}}, {"model": "auth.permission", "pk": 12, "fields": {"name": "Can view group", "content_type": 3, "codename": "view_group"}}, {"model": "auth.permission", "pk": 13, "fields": {"name": "Can add user", "content_type": 4, "codename": "add_user"}}, {"model": "auth.permission", "pk": 14, "fields": {"name": "Can change user", "content_type": 4, "codename": "change_user"}}, {"model": "auth.permission", "pk": 15, "fields": {"name": "Can delete user", "content_type": 4, "codename": "delete_user"}}, {"model": "auth.permission", "pk": 16, "fields": {"name": "Can view user", "content_type": 4, "codename": "view_user"}}, {"model": "auth.permission", "pk": 17, "fields": {"name": "Can add content type", "content_type": 5, "codename": "add_contenttype"}}, {"model": "auth.permission", "pk": 18, "fields": {"name": "Can change content type", "content_type": 5, "codename": "change_contenttype"}}, {"model": "auth.permission", "pk": 19, "fields": {"name": "Can delete content type", "content_type": 5, "codename": "delete_contenttype"}}, {"model": "auth.permission", "pk": 20, "fields": {"name": "Can view content type", "content_type": 5, "codename": "view_contenttype"}}, {"model": "auth.permission", "pk": 21, "fields": {"name": "Can add session", "content_type": 6, "codename": "add_session"}}, {"model": "auth.permission", "pk": 22, "fields": {"name": "Can change session", "content_type": 6, "codename": "change_session"}}, {"model": "auth.permission", "pk": 23, "fields": {"name": "Can delete session", "content_type": 6, "codename": "delete_session"}}, {"model": "auth.permission", "pk": 24, "fields": {"name": "Can view session", "content_type": 6, "codename": "view_session"}}, {"model": "auth.permission", "pk": 25, "fields": {"name": "Can add type", "content_type": 7, "codename": "add_type"}}, {"model": "auth.permission", "pk": 26, "fields": {"name": "Can change type", "content_type": 7, "codename": "change_type"}}, {"model": "auth.permission", "pk": 27, "fields": {"name": "Can delete type", "content_type": 7, "codename": "delete_type"}}, {"model": "auth.permission", "pk": 28, "fields": {"name": "Can view type", "content_type": 7, "codename": "view_type"}}, {"model": "auth.permission", "pk": 29, "fields": {"name": "Can add topping", "content_type": 8, "codename": "add_topping"}}, {"model": "auth.permission", "pk": 30, "fields": {"name": "Can change topping", "content_type": 8, "codename": "change_topping"}}, {"model": "auth.permission", "pk": 31, "fields": {"name": "Can delete topping", "content_type": 8, "codename": "delete_topping"}}, {"model": "auth.permission", "pk": 32, "fields": {"name": "Can view topping", "content_type": 8, "codename": "view_topping"}}, {"model": "auth.permission", "pk": 33, "fields": {"name": "Can add pizza", "content_type": 9, "codename": "add_pizza"}}, {"model": "auth.permission", "pk": 34, "fields": {"name": "Can change pizza", "content_type": 9, "codename": "change_pizza"}}, {"model": "auth.permission", "pk": 35, "fields": {"name": "Can delete pizza", "content_type": 9, "codename": "delete_pizza"}}, {"model": "auth.permission", "pk": 36, "fields": {"name": "Can view pizza", "content_type": 9, "codename": "view_pizza"}}, {"model": "auth.permission", "pk": 37, "fields": {"name": "Can add size", "content_type": 10, "codename": "add_size"}}, {"model": "auth.permission", "pk": 38, "fields": {"name": "Can change size", "content_type": 10, "codename": "change_size"}}, {"model": "auth.permission", "pk": 39, "fields": {"name": "Can delete size", "content_type": 10, "codename": "delete_size"}}, {"model": "auth.permission", "pk": 40, "fields": {"name": "Can view size", "content_type": 10, "codename": "view_size"}}, {"model": "auth.permission", "pk": 41, "fields": {"name": "Can add crust", "content_type": 11, "codename": "add_crust"}}, {"model": "auth.permission", "pk": 42, "fields": {"name": "Can change crust", "content_type": 11, "codename": "change_crust"}}, {"model": "auth.permission", "pk": 43, "fields": {"name": "Can delete crust", "content_type": 11, "codename": "delete_crust"}}, {"model": "auth.permission", "pk": 44, "fields": {"name": "Can view crust", "content_type": 11, "codename": "view_crust"}}, {"model": "auth.permission", "pk": 45, "fields": {"name": "Can add Token", "content_type": 12, "codename": "add_token"}}, {"model": "auth.permission", "pk": 46, "fields": {"name": "Can change Token", "content_type": 12, "codename": "change_token"}}, {"model": "auth.permission", "pk": 47, "fields": {"name": "Can delete Token", "content_type": 12, "codename": "delete_token"}}, {"model": "auth.permission", "pk": 48, "fields": {"name": "Can view Token", "content_type": 12, "codename": "view_token"}}, {"model": "auth.permission", "pk": 49, "fields": {"name": "Can add token", "content_type": 13, "codename": "add_tokenproxy"}}, {"model": "auth.permission", "pk": 50, "fields": {"name": "Can change token", "content_type": 13, "codename": "change_tokenproxy"}}, {"model": "auth.permission", "pk": 51, "fields": {"name": "Can delete token", "content_type": 13, "codename": "delete_tokenproxy"}}, {"model": "auth.permission", "pk": 52, "fields": {"name": "Can view token", "content_type": 13, "codename": "view_tokenproxy"}}, {"model": "auth.user", "pk": 2, "fields": {"password": "pbkdf2_sha256$720000$5k0MrsYNf2Scput9ZlSQZt$M7o9FRU+oUJfEJ5kJ3Q2bosKQNZMw0Tt9R64j6lI1NQ=", "last_login": "2024-03-11T16:53:32.882Z", "is_superuser": false, "username": "test", "first_name": "", "last_name": "", "email": "", "is_staff": false, "is_active": true, "date_joined": "2024-03-10T20:23:30.967Z", "groups": [], "user_permissions": []}}, {"model": "auth.user", "pk": 3, "fields": {"password": "pbkdf2_sha256$720000$fQIZOcZgD2XaSMkoWZgLLI$reF8K6yj+pL2A52TXbL5fsYKSND9QoUbGNauwK7zCpk=", "last_login": "2024-03-20T14:52:18.174Z", "is_superuser": false, "username": "test2_edited2", "first_name": "testak", "last_name": "testakian", "email": "test2@gmail.com", "is_staff": false, "is_active": true, "date_joined": "2024-03-13T10:48:08.520Z", "groups": [], "user_permissions": []}}, {"model": "auth.user", "pk": 4, "fields": {"password": "1234567890@HKhk", "last_login": null, "is_superuser": false, "username": "testFromAPI", "first_name": "", "last_name": "", "email": "", "is_staff": false, "is_active": true, "date_joined": "2024-03-13T14:33:22.861Z", "groups": [], "user_permissions": []}}, {"model": "auth.user", "pk": 5, "fields": {"password": "1234567890@HKhk", "last_login": null, "is_superuser": false, "username": "testFromAPI2", "first_name": "test", "last_name": "testian", "email": "", "is_staff": false, "is_active": true, "date_joined": "2024-03-13T14:34:25.441Z", "groups": [], "user_permissions": []}}, {"model": "auth.user", "pk": 6, "fields": {"password": "1234567890@HKhk", "last_login": null, "is_superuser": false, "username": "testFromAPI3", "first_name": "", "last_name": "", "email": "", "is_staff": false, "is_active": true, "date_joined": "2024-03-13T14:44:43.370Z", "groups": [], "user_permissions": []}}, {"model": "auth.user", "pk": 7, "fields": {"password": "pbkdf2_sha256$720000$kZ7jPzRvilvC86fPV1Hble$T0kmTmwKZmvVZUuaMix/9+d5+Gn/Wo9FBv5HpkMIxQI=", "last_login": null, "is_superuser": false, "username": "testFromAPI4", "first_name": "", "last_name": "", "email": "", "is_staff": false, "is_active": true, "date_joined": "2024-03-13T14:54:18.655Z", "groups": [], "user_permissions": []}}, {"model": "auth.user", "pk": 8, "fields": {"password": "", "last_login": null, "is_superuser": false, "username": "test_from_postman", "first_name": "test", "last_name": "testian", "email": "test@gmail.com", "is_staff": false, "is_active": true, "date_joined": "2024-03-14T15:44:26.422Z", "groups": [], "user_permissions": []}}, {"model": "auth.user", "pk": 9, "fields": {"password": "12341231231235HK@hk", "last_login": null, "is_superuser": false, "username": "test_from_postman2", "first_name": "test", "last_name": "testian", "email": "testtest@gmail.com", "is_staff": false, "is_active": true, "date_joined": "2024-03-14T15:51:00.497Z", "groups": [], "user_permissions": []}}, {"model": "auth.user", "pk": 10, "fields": {"password": "12341231231235HK@hk", "last_login": null, "is_superuser": false, "username": "test_from_postman3", "first_name": "test", "last_name": "testian", "email": "testtest@gmail.com", "is_staff": false, "is_active": true, "date_joined": "2024-03-14T15:56:11.399Z", "groups": [], "user_permissions": []}}, {"model": "auth.user", "pk": 11, "fields": {"password": "12341231231235HK@hk", "last_login": null, "is_superuser": false, "username": "test_from_postman4", "first_name": "test", "last_name": "testian", "email": "testtest@gmail.com", "is_staff": false, "is_active": true, "date_joined": "2024-03-14T15:56:35.845Z", "groups": [], "user_permissions": []}}, {"model": "auth.user", "pk": 12, "fields": {"password": "12341231231235HK@hk", "last_login": null, "is_superuser": false, "username": "test_from_postman5", "first_name": "test", "last_name": "testian", "email": "testtest@gmail.com", "is_staff": false, "is_active": true, "date_joined": "2024-03-14T15:57:12.912Z", "groups": [], "user_permissions": []}}, {"model": "auth.user", "pk": 13, "fields": {"password": "", "last_login": null, "is_superuser": false, "username": "test_from_postman6", "first_name": "test", "last_name": "testian", "email": "testtest@gmail.com", "is_staff": false, "is_active": true, "date_joined": "2024-03-14T15:58:18.179Z", "groups": [], "user_permissions": []}}, {"model": "auth.user", "pk": 14, "fields": {"password": "", "last_login": null, "is_superuser": false, "username": "test_from_postman7", "first_name": "test", "last_name": "testian", "email": "testtest@gmail.com", "is_staff": false, "is_active": true, "date_joined": "2024-03-14T15:59:13.047Z", "groups": [], "user_permissions": []}}, {"model": "auth.user", "pk": 15, "fields": {"password": "12341231231235HK@hk", "last_login": null, "is_superuser": false, "username": "test_from_postman8", "first_name": "test", "last_name": "testian", "email": "testtest@gmail.com", "is_staff": false, "is_active": true, "date_joined": "2024-03-14T15:59:38.210Z", "groups": [], "user_permissions": []}}, {"model": "auth.user", "pk": 16, "fields": {"password": "pbkdf2_sha256$720000$ETxyvsEhqjjY2AKzFWyOrr$2WCnwQVBisWKkXTGMAp4ZHyDVvmMKjfkeVUXupj3jjI=", "last_login": null, "is_superuser": false, "username": "test_from_postman9", "first_name": "test", "last_name": "testian", "email": "testtest@gmail.com", "is_staff": false, "is_active": true, "date_joined": "2024-03-14T16:00:56.486Z", "groups": [], "user_permissions": []}}, {"model": "auth.user", "pk": 17, "fields": {"password": "pbkdf2_sha256$720000$KUkDoVLp3zpyjI9gtzr8uT$JpXlhvRimsnz37fdjgAXih9snoE2M8CqeWvE0KT/P4U=", "last_login": null, "is_superuser": false, "username": "test_from_postman10", "first_name": "test", "last_name": "testian", "email": "testtest@gmail.com", "is_staff": false, "is_active": true, "date_joined": "2024-03-14T16:41:06.547Z", "groups": [], "user_permissions": []}}, {"model": "auth.user", "pk": 18, "fields": {"password": "pbkdf2_sha256$720000$hhlSDYm0KyGHKjxx2Z6Ro6$EvzGq0BpH73sNl7cBO6UAWw/mAtY5B25vCSz/PlQ0Ts=", "last_login": null, "is_superuser": false, "username": "test_from_postman11", "first_name": "test", "last_name": "testian", "email": "testtest@gmail.com", "is_staff": false, "is_active": true, "date_joined": "2024-03-14T16:56:52.831Z", "groups": [], "user_permissions": []}}, {"model": "auth.user", "pk": 19, "fields": {"password": "pbkdf2_sha256$720000$CxX2GBrh6lKKVoKDDoHbLQ$37gsIiL9WQh80K8ogKTkkdQsQ/b2n8OWqEmKbzAQXFU=", "last_login": null, "is_superuser": false, "username": "test_from_postman12", "first_name": "test", "last_name": "testian", "email": "testtest@gmail.com", "is_staff": false, "is_active": true, "date_joined": "2024-03-14T16:57:10.095Z", "groups": [], "user_permissions": []}}, {"model": "auth.user", "pk": 20, "fields": {"password": "pbkdf2_sha256$720000$HChfnAerpLQ7Yo32XrUJTY$jPoo0A6nA5qkfpH4Pc5JkhqzSN4XdQiJTugoDs1GUJ0=", "last_login": null, "is_superuser": false, "username": "test_from_postman13", "first_name": "test", "last_name": "testian", "email": "testtest@gmail.com", "is_staff": false, "is_active": true, "date_joined": "2024-03-14T16:57:35.573Z", "groups": [], "user_permissions": []}}, {"model": "auth.user", "pk": 21, "fields": {"password": "pbkdf2_sha256$720000$NzZWIEB6clmUT9Z6hgGKFy$9hWd1TTW59dxmRTnten1BXVyN26GsVfUPycKFjffjWs=", "last_login": null, "is_superuser": false, "username": "test_from_postman14", "first_name": "test", "last_name": "testian", "email": "testtest@gmail.com", "is_staff": false, "is_active": true, "date_joined": "2024-03-14T16:58:37.846Z", "groups": [], "user_permissions": []}}, {"model": "auth.user", "pk": 22, "fields": {"password": "pbkdf2_sha256$720000$onrV6dkqCrtVV3j4xPpLGD$z4Y2HUzb5nmPCBlIZU7Wi6nvJoZzW8bg5qBiWjqZsBI=", "last_login": null, "is_superuser": false, "username": "test_from_postman15", "first_name": "test", "last_name": "testian", "email": "testtest@gmail.com", "is_staff": false, "is_active": true, "date_joined": "2024-03-14T16:59:34.198Z", "groups": [], "user_permissions": []}}, {"model": "auth.user", "pk": 23, "fields": {"password": "pbkdf2_sha256$720000$pkpoPqjD093cERCmBJAAzC$gzxlqZ5O8BsZBeBpMbd60z52qZiEgTt3wGIhTCT/1+8=", "last_login": null, "is_superuser": false, "username": "test_from_postman16", "first_name": "test", "last_name": "testian", "email": "testtest@gmail.com", "is_staff": false, "is_active": true, "date_joined": "2024-03-14T17:00:49.646Z", "groups": [], "user_permissions": []}}, {"model": "auth.user", "pk": 24, "fields": {"password": "pbkdf2_sha256$720000$PmmUQdk6eTBoye06JgqS26$5lzvRhhPHsrS05BX5Y6Dza+AtcG9PUKRkrxwTF85M3g=", "last_login": null, "is_superuser": false, "username": "test_from_postman20", "first_name": "", "last_name": "", "email": "", "is_staff": false, "is_active": true, "date_joined": "2024-03-15T14:17:26.680Z", "groups": [], "user_permissions": []}}, {"model": "auth.user", "pk": 25, "fields": {"password": "pbkdf2_sha256$720000$FX9j8Avx4tIHm7kws2ZQ5S$wDK1H34ugVOfEQj4TjYfB7IHle4i/IwWsONE4SUOJik=", "last_login": null, "is_superuser": false, "username": "hassan", "first_name": "", "last_name": "", "email": "", "is_staff": false, "is_active": true, "date_joined": "2024-03-20T14:04:06.262Z", "groups": [], "user_permissions": []}}, {"model": "auth.user", "pk": 26, "fields": {"password": "pbkdf2_sha256$720000$MKlz2fa1fvWgdaI6T0QJ3U$nSzzPann8lb48NIIg25MYgeqi9ttCGLBNf0BvilkgAs=", "last_login": "2024-07-13T06:21:38.360Z", "is_superuser": true, "username": "hassankalantari", "first_name": "", "last_name": "", "email": "hassan.kalantari29@gmail.com", "is_staff": true, "is_active": true, "date_joined": "2024-03-20T14:06:54.155Z", "groups": [], "user_permissions": []}}, {"model": "contenttypes.contenttype", "pk": 1, "fields": {"app_label": "admin", "model": "logentry"}}, {"model": "contenttypes.contenttype", "pk": 2, "fields": {"app_label": "auth", "model": "permission"}}, {"model": "contenttypes.contenttype", "pk": 3, "fields": {"app_label": "auth", "model": "group"}}, {"model": "contenttypes.contenttype", "pk": 4, "fields": {"app_label": "auth", "model": "user"}}, {"model": "contenttypes.contenttype", "pk": 5, "fields": {"app_label": "contenttypes", "model": "contenttype"}}, {"model": "contenttypes.contenttype", "pk": 6, "fields": {"app_label": "sessions", "model": "session"}}, {"model": "contenttypes.contenttype", "pk": 7, "fields": {"app_label": "making_pizza", "model": "type"}}, {"model": "contenttypes.contenttype", "pk": 8, "fields": {"app_label": "making_pizza", "model": "topping"}}, {"model": "contenttypes.contenttype", "pk": 9, "fields": {"app_label": "making_pizza", "model": "pizza"}}, {"model": "contenttypes.contenttype", "pk": 10, "fields": {"app_label": "making_pizza", "model": "size"}}, {"model": "contenttypes.contenttype", "pk": 11, "fields": {"app_label": "making_pizza", "model": "crust"}}, {"model": "contenttypes.contenttype", "pk": 12, "fields": {"app_label": "authtoken", "model": "token"}}, {"model": "contenttypes.contenttype", "pk": 13, "fields": {"app_label": "authtoken", "model": "tokenproxy"}}, {"model": "sessions.session", "pk": "0db5sxxns0avi9tqnpyvjsgpvq69dw5y", "fields": {"session_data": ".eJxVjMsOwiAQRf-FtSE8WhhcuvcbmmEYpGogKe3K-O_apAvd3nPOfYkJt7VMW-dlmpM4CytOv1tEenDdQbpjvTVJra7LHOWuyIN2eW2Jn5fD_Tso2Mu3hhQ8aI_O-MhmzCEHjpYYKVodQBkAyDSi84jslB9JkWYd8jCQ9Q7E-wPstDfy:1rmxIg:T8u6PWAT2M2DEIAwLf439TKhaRiVodWDy1oViVbXGOM", "expire_date": "2024-04-03T14:52:18.175Z"}}, {"model": "sessions.session", "pk": "gh3klxcrvbzammbbjkzpgvmcqd8oaol5", "fields": {"session_data": ".eJxVjMsOwiAQRf-FtSFTpkPBpXu_gfAYpGogKe3K-O_apAvd3nPOfQnnt7W4rfPi5iTOYhCn3y34-OC6g3T39dZkbHVd5iB3RR60y2tL_Lwc7t9B8b18a0SEwEB-MiaCCtpqm_OkVVQWDMWQ8sAamHFk8IrIIlEAGJGJrQXx_gDKZDcT:1rk7a9:xi0wGFZKSkERf7ZJ0mAXM17gM24FQgKqdns5XbPz1Zk", "expire_date": "2024-03-26T19:14:37.704Z"}}, {"model": "sessions.session", "pk": "m0rlzch17khrc31thoo8z35r4bw82wmw", "fields": {"session_data": ".eJxVjEsOwiAUAO_C2hA-LR-X7nsG8h4PpGogKe3KeHdD0oVuZybzZgGOvYSjpy2sxK5MGXb5hQjxmeow9IB6bzy2um8r8pHw03a-NEqv29n-DQr0Mr561tloZQhRT0QSvUwyQnYSMiIkTw6EU2BlVkhReC2UztPsLdmcIvt8ASFTOOk:1sSW8Y:ixFWd1LDNOpFp8BUE3CXVEdup3X7qElhJE6mB69nsmI", "expire_date": "2024-07-27T06:21:38.362Z"}}]